,topic_id,media_name,title,url,public_time
0,0,聯合新聞網,京華城案柯文哲三度羈押庭 小草聲援北市出動20警,https://news.google.com/read/CBMiU0FVX3lxTFBBay1PRjNKSGt3LXF3eUwzS2c5WjE0V19ROEJiVDF3aXBJekt6QV9RaG9KSWtTVGhKWmdsOFp4cWNKaUE2ZDlReHUzMldsMGdObUxZ?hl=zh-TW&gl=TW&ceid=TW%3Azh-Hant,2025-01-02T11:26:38Z
1,0,Yahoo奇摩新聞,北檢指蔡壁如「翻供」是串證 柯文哲當庭怒嗆：要關我就直接講,https://news.google.com/read/CBMihANBVV95cUxQVWhEdlIwOE01S3J4TGRBTUdlQW9rd19GUTZRZlBQRWp1MU0weElUYWtkeGRFVVBEdndhM2VyZG5MWVNqVkU2cF9INEF2MmY3WmxHM0xObnV1WU14Mm1hcGNYR1pHNXV6UERFRWNXR3laS0ZIVzhMM1IwaEFGeElDNEdnVmdfYjZpRDZVQXQ0ZXpKS0czSGlLWkxMTkZNby1QVVplR01mU3cwZUFQOTl2TkRXSlhKZWVYV1VtYnFhVUdNQlI1V3VUZ0tfeTMzb1lnNWNnYWYtSXJHY1ozcm12OXFXOElEV2N4TVRuMlJLd2N1T3I1a292Yy01QnYwMXdpQ3hSeGdHaWJzVEdWWTktaU9KS0k1eHMyVXFvcl9hUEFteWhsQWE2TEVPdVpvM25JYmhhQU1BZ3pLalpHd0Rydnl0am82ZmFNakRFNXVMNUJfdDdpOTM1eWZQRkVsbm1rNUFwMUJXckNUU00xM1Z0QkVoZENlNFpDZ3FCQ2ZuWVJMd2tL?hl=zh-TW&gl=TW&ceid=TW%3Azh-Hant,2025-01-02T12:15:03Z
2,0,中時新聞網,第3次羈押庭遲到 柯文哲曝「我爸已經昏迷了」,https://news.google.com/read/CBMibkFVX3lxTE5QQU1qZXhZUTc4OHZKX0JleEt0ZC10MHhBWHlHSXNodGdtckNEcENEWTlJWmVxLUd1dE9iY3o3T0JleWtkS1RuZlkxM21tTkZEQ2w4TWpLbkFRTk04VHZQSXdRZ3J1YWd3VHBxODd3?hl=zh-TW&gl=TW&ceid=TW%3Azh-Hant,2025-01-02T12:36:16Z
3,0,公視新聞,柯文哲等4人交保再遭撤銷 今晚6時3度開羈押庭 ｜ 公視新聞網 PNN,https://news.google.com/read/CBMiT0FVX3lxTE5aRUw4dVdIYk02Vmszbko2cUs1VjdmRUFOaEJDTGVraHJNZ2t3aTE4OVk4TWR4czBNZWwtYWI1eXhTQUxNMDFWU3JvZGs5X0HSAVRBVV95cUxNa3BOMWE0ZDhxQ0NOdWktVjRYUU1zeTY3dWk4cUNDZEg3dExnaHAwSnJ5NEwzcy1DdXkzVG5vYlczdWk2Y3RiVnBGTFNHV3RaSnNMcWk?hl=zh-TW&gl=TW&ceid=TW%3Azh-Hant,2025-01-02T11:46:44Z
4,1,中央社即時新聞,柯文哲請辭黨主席民眾黨：湧3000人入黨潮| 政治,https://news.google.com/read/CBMiX0FVX3lxTE1PWWdOOEc5by1DU3lEMDFpUlVvVHA0NjhSQXRWTlE2ck4tVDdBSm1TalJyUndyMzBVcVBiVG1Ncy1HeFNXQk1FcWY2RWhycnhKc0dtODYxazZycHE0N1I0?hl=zh-TW&gl=TW&ceid=TW%3Azh-Hant,2025-01-02T02:43:00Z
5,1,Yahoo奇摩新聞,柯文哲請辭黨主席 小草掀入黨潮 民眾黨：湧3000人申請 官網一度卡住,https://news.google.com/read/CBMirANBVV95cUxOdDNaNEZzSUYtYWNiOXZ0cHM5ZFIzRFNmSmZ1WkV6Ymp5dGxuOWRTVDI1ZVpFc0gtOTZHajhpWTJmZ1d4MldlNVZFVWdmYjA5YWRRcllCTXMzOXFoNUxpcU12dVhmX0JyX0ZYb2lVU1I2cU1qcGowYXpfRzNyVmV4cm5WaEN5TTI2ZFdVSzYwZHdRYjJaWEc3MEZ0NXFhTHdyM3NnSXI1RDlOSG53ZXpZdFNWUjZUVkpEOFBJLUNlTF9UMFlFNXFDY180b29QZHBqZ3JSQ0dvcGx1STZMRHdMbG1nOXNVVTBsOVJpWFNGWTROckNmU1RJVlpmZ09OdjhWdFpTTmx5RWRkTmtoSTEwS1JEU3NLZ01FVFVycWJmTmczX3VRN3ZQTUl2Y05sRkFzNUpzQlRwU0dsS2ZQZTZ3WjcwU1VsYnBOcWRQeEI4SXJ2ZDI1VzUzVnJ4UmlMX2diUnVyYURPVmlOYVVET1FIZWMwdERndThlOGpYdV9WWHhvQjNqVGt4Y0dvMTRKR3E3RnNONjM0ZExYRTZqb2RQbm4xSU04TV9oYWE3RQ?hl=zh-TW&gl=TW&ceid=TW%3Azh-Hant,2025-01-02T03:45:00Z
6,1,TVBS,與柯交接？ 黃國昌「滿臉鬍渣」沉默情緒濃,https://news.google.com/read/CBMiU0FVX3lxTE85aktUbjV2WmlvanE2N1ZYRk9vWG5LN1lzcEo3N2N0eG5DSG9mOEluMjVLUEVuUnBQTFpUaXdqeG9iSllrenJmd1h0eFBWbkZXRm5j?hl=zh-TW&gl=TW&ceid=TW%3Azh-Hant,2025-01-02T05:16:00Z
7,1,Newtalk新聞,林保華觀點》「柯黨」變「黃黨」 有無新路向？,https://news.google.com/read/CBMiWkFVX3lxTE44OTB3VmJha0Q1WXlEMHhwclhyWmtHRHAyV1BqakRsbVN1YmczZmNSTGozZ2ZQRjVhdElOdzZVUlpiQkRpVElKSjZ3c3JXekVWa09yYUhTZE1rZw?hl=zh-TW&gl=TW&ceid=TW%3Azh-Hant,2025-01-02T10:45:22Z
8,2,Yahoo奇摩新聞,高虹安涉詐領助理費案停審 高院：立法院組織法部分有違憲疑慮,https://news.google.com/read/CBMipANBVV95cUxNdTlndDVTejJTbHE0ZEhxVG5GekFzV1FPeHR3R2oxNnUxNUZvaUNEQnVLUjN0TTRrbG1aSVpqdF9VaVE3cEZnVG81Nl9ERTFkR0dZc1hxZUE0anU5NDZkZDZnRldidFEwNzlnU0luQy11UktHeDk3UmlmTkVNNDFtOVAzazd3NnUyQ1d3d2FqY0NFbGNmVkQxbEFobWZMZXhXZ05kNVljUExJZXRUT3FSYnU3c3pmdnQxZWJsa3hpNURrckNHYXJHQWZpTDNJekZobVFiSTdwbGtIczkxVW90aWg2dmFZaEpxaE1vN0JVMHFtTEh4b2xNQTFSM0lmY3hVYjd3bkVKVTJsenNkTG53MTVLWG96bVRNM3JpX0NZbXdVbk9ta0JlWnBvMFhGY0tzTXBjME42WGNaNHNGUm10WmtWQ210TF9Vb0g0VmVYQ2h2Wk1DZWhVQWxxR2tPcU83UW1lREpTeGkyRmFqOWhHNXpMZVZCcHZXcXJNVk5hdmJRTFNYOHBiS2hXc3U0cEMtRzdwdk92ZlBwN2JvRlotYjhUN0c?hl=zh-TW&gl=TW&ceid=TW%3Azh-Hant,2025-01-02T06:15:39Z
9,2,聯合新聞網,高院停審聲請釋憲 高虹安發聲：我沒貪汙、希望盡快還清白,https://news.google.com/read/CBMiUEFVX3lxTE01dUN1bGI0SGpZWFlsOHlsOTRtbHh1RnV5NnVIUXc3MGFIelZTb214NWhIOTdhcnBiSUo3Q1B6ZFdFaGNvaFMyd19oVTdwY3BL?hl=zh-TW&gl=TW&ceid=TW%3Azh-Hant,2025-01-02T08:40:14Z
10,2,今周刊-在今天看見明天,高虹安詐領助理費判7年4月，高院5理由停審、撰寫2萬字書狀聲請釋憲！她能全身而退「改判無罪」？,https://news.google.com/read/CBMigAFBVV95cUxQMkhFcEZ0N3JDYWJVYUJvNGo0TjVHeVlTdzZNZVg2UXU1VEdRUjR1c2o0S3ZBeGE1dmVWbUhheWZOd2FSRTFaTXBQb1ZhbTl2bTMwM29DdFdxR0kwZVJrR1R4X2ZFWkdyb2xna3d4TzBJejhfcFluUkY4QUlSUGZadQ?hl=zh-TW&gl=TW&ceid=TW%3Azh-Hant,2025-01-02T10:00:00Z
11,2,Yahoo奇摩新聞,憲法法庭若無法開庭 綠委：高虹安就永遠卡在一、二審之間,https://news.google.com/read/CBMi6wJBVV95cUxPaFpNbFVCR0tTTnFtYWhqZERkYjNrdm1aTDQzaEtFVUZxWWFRTzVaY2FRNzNsek04MHdONFFIeE1qR0d4Rml1QTU4NWx0OEJDZE44WGlhRm9ENmdXU3VIbnFwSUNYSnR6QW5DMkpYWDdZV0xDYkpPU0tLam9Zano4UEdXTGtvWS0xdVBGU2NwU0lEMklaRl9kNnQwc1hXdlBlc195anFfU014Zi1fV3lnNUlBRTlRaXloczVjczA1ZWJEMnFFZmthZkUwYXJfZ3liOXpmd053Q0oxSG5aT0FQOUdXZVNCd2lMVm1UTkFtX3ZqZ1R5OFpBM2ZfeWhwYWM2WlZ0S05KTXIxZEU0NkNpMmNTT1c1aVVpNWlMakMybUJwRnE3eW5ralpIRXBNYVlXYkFsTFFUSU5nOWgzWXB1X0NERXh4T3NuQ3dKT1F5NElwOEQtbC1IRWt2TG1NSHNEMThFMFFPTENzem8?hl=zh-TW&gl=TW&ceid=TW%3Azh-Hant,2025-01-02T10:38:47Z
12,3,ETtoday新聞雲,快訊／沈慶京羈押庭 檢指串供與翻供已成事實,https://news.google.com/read/CBMiXkFVX3lxTE1RNTA1ZHh0SXFZOTZ1RUt1WnBqUG9Da1BwUnBVOWlHOGd2UXE3cXZuOFhvZFV5M203Wk9lMUxfeFJ2ZHpyS2gycXNDR0tUUmNvUG5uQTFYZ2FzVU95Z3c?hl=zh-TW&gl=TW&ceid=TW%3Azh-Hant,2025-01-02T11:37:00Z
13,3,Yahoo奇摩新聞,北院三度開羈押庭 柯文哲：請檢方列出哪些人不得接觸 就是要關請明講,https://news.google.com/read/CBMiygNBVV95cUxPUUd3M2k2Rkx0UWIxRzhLSEpJMGh1OTFhVDlCdTA4R2RMNXo4eHlyUUZCNnBseVJlSFFIVV9IYW40Q1ZRUkNmcDd2cWVya1J4UW9aV1NYZE9zNE01NUhHakZOeDcyeTJHU3RXdDRJUG1PY2dhSjNXeUNKOXV6eDFTZDNWQ0JiaWx0R3JZRzhvUXRyTEo0Nnp5V1ZjM3JYNmlNZWFIYkZqRHZibnVqa2tuTHhIdzlkcVBJemZ5bzdpVHRsQV9rYmNyd3lmOUQxR2phck9GdC03ZGNQSmE2NlREWlNFUWZTZTVUOGRsZFFZdWRZN3pGVWE5Uzd5MHVEZXF4NGJIN052MzExR3pJVVZ1WC1tNUk2YTR2dkxYaEkta1NueVRGNlZhalVSckgxaHF1ZFJRcFY3Z09ZaVRFRXhqV29GYkpyX0NGWjVuX3pGZVJkY2NESU5laU5VcFVSbXp3Ul9TLUNKb3puU2FwNEFZOUx0YllpTVFCOU45dWVEYXk3SEtLaWtKLVVOUHFxQktJMlVtQmZwRUF1RFJyUEFUbmU5NUp3Vjd6aURvYk56OGRrSlU2dHFDMnZfTGg5OTVsNnRqWmtUZTU4Zw?hl=zh-TW&gl=TW&ceid=TW%3Azh-Hant,2025-01-02T12:30:06Z
14,3,聯合新聞網,再開羈押庭！沈慶京輪椅上服藥 駁檢方「逃亡說」：沒想東山再起,https://news.google.com/read/CBMiU0FVX3lxTFBFcVFDWHl4eW9YRDJGSFJqVjRuLVMyRWRocmFCVUdpVG1JSk1UeUpHMXQtX25lODJNc0ZRU1hqZWNhR3VIejlXUkw3cTdQQW9EWDF3?hl=zh-TW&gl=TW&ceid=TW%3Azh-Hant,2025-01-02T11:46:26Z
15,3,TVBS,最後一位抵達！沈慶京緊急取消術前準備 坐輪椅現身北院,https://news.google.com/read/CBMiT0FVX3lxTFBkUDJZSHQ3R010M1o2dk84TlMxNDZOVXZLbU1iTW8yTG9xVHdwM2xjS1BaRXZkanZ3N3Z0ejFuZDdCc3ZTb3ZzdVhRZU9Pb1U?hl=zh-TW&gl=TW&ceid=TW%3Azh-Hant,2025-01-02T04:58:00Z
16,4,Yahoo奇摩新聞,百億賭王涉案還去歡唱 她質疑：不用羈押？,https://news.google.com/read/CBMiogJBVV95cUxNSHR5YmtkdGtaRnhENHUtQlJVbVVDOEt0ODRJT05aOWJLM2J3SWF2M0VFeVdzSnFNUHZmRHExMjJ4c2QtWGJFRXBfdEZoM2VsLTJpSzJHQWhjckQ3TkFqb3BmRmluZ0c3N3NvNE5lQzZiblVlTktxYnFtdFFydDhkSGtRR05YUEw4NThaZDFQWTNkQlYtczJpNFNKTkd6UXkzTjVPVTRuNU1WWnFNam5SdktNMFM4ZzBPeHFxSWItSndLNVFVMDl0a1BVQ3FGeXRnTi1MUDU3ajNIWTB0b1dmamFUaEs2OXFYWGk3MldpdkJLU0xMNktYREt4V3BDRFJrZGtQQ2ZNOGpCTEluZDAwNktuX3B2ZGh4WmUwcnFiMHhyZw?hl=zh-TW&gl=TW&ceid=TW%3Azh-Hant,2025-01-02T13:03:33Z
17,4,中央社即時新聞,同框通緝犯林秉文梁文傑：赴朋友約不認識他| 政治,https://news.google.com/read/CBMiX0FVX3lxTE9ycGN4b0tILVFuVF82T3FVNFNPUC1PT200YkxxYkNUcnh6bUluM19HM0J5NDdWSFQ0UERFbkVVT1pNZEZWTWxtWERfZXk0MHhwV04wVGlMY0dsanp3Qlhz?hl=zh-TW&gl=TW&ceid=TW%3Azh-Hant,2025-01-02T09:59:00Z
18,4,Newtalk新聞,爆林秉文包廂歡唱片附「彩蛋」 徐巧芯：怎麼每次又是你| 政治,https://news.google.com/read/CBMiWkFVX3lxTE1IcjRZQVA0dVdfM2o4QlB6cTVoYUd2WGUyR0FjVHotMVpHUkxiZHJfaXQ5SkhkMVRYUERvUE1nN3UwTDMtZk9UZHJNV3F4bjZHODllLU8tVTFMdw?hl=zh-TW&gl=TW&ceid=TW%3Azh-Hant,2025-01-02T09:59:29Z
19,4,NOWnews 今日新聞,酒店與林秉文唱歌「辣妹作陪」？梁文傑稱不認識：有跟高捷合唱,https://news.google.com/read/CBMiTEFVX3lxTE5DbmVocXB6ZWNLUENfbW9qWlVGZzhJajdIWHhYRVNsemlKWk40clh3dnpRT3BUemg3U0pkUVR4aHFTYi11ZGxMREZ1LXjSAVJBVV95cUxQampkQjJ2Rlp3WU9MZWd5ektVeldKS0lzajU0eHhFcTdaei1SRVRjcnptNHVUb2YwUnJxY0tHXzN0em5kYkNOSFZWUnZMRmdadWxB?hl=zh-TW&gl=TW&ceid=TW%3Azh-Hant,2025-01-02T09:35:15Z
20,5,東森新聞,新／四叉貓旁聽被趕出法庭原因曝！見橘子便條紙批柯文哲硬凹,https://news.google.com/read/CBMiVkFVX3lxTFBxUlEtUndCMk9sLWg3SUpucmNzWXRyVVdZRlkzdEZRTGk5VnhOeVdpME96TW0weE9kUnAwUkFPWTh3cXR6N1lnVnlJM0dXdEUtWW9pQmxB?hl=zh-TW&gl=TW&ceid=TW%3Azh-Hant,2025-01-02T11:47:00Z
21,5,Yahoo奇摩新聞,糗了！四叉貓旁聽柯案羈押庭 因這事被請出,https://news.google.com/read/CBMirgJBVV95cUxOaXJtQ1hZMjdHUkEySjRjU0trWklpekFZUHplNG1CVjc1VlpvU21ob2E3WGo2QkFFTDlTR29TNmozR0luaFRpbG5jWEJHLTJqT3dKUkt4Y2t3NTZGSGNsek52NUV2VmVYbVZqQ29HNG1yZ3JiTS1rVmhaTnQ0Z0pPVXdNbWVQOVBBS0dncHBVMzcxaDBaQjA4aThTRFpuMkp0d19ybks4TGZYc0RyMkdDU2QwMmNEVUY5M2RoMVBmcEx4S3dJa3R0dFFyaGZZbW1GNWRpeWdkQ01kMWdUeWZrNFZ5UlVqNmh3SmNobGdHd1ZvUnp1VFNiSlItdmZBUW1ISDVOQVBkckFQQXRZV3JLUDJNUjVXX2tIYVdLa0t2RFRCbUNmY2tQbGo1TThwQQ?hl=zh-TW&gl=TW&ceid=TW%3Azh-Hant,2025-01-02T12:00:18Z
22,5,TVBS,柯文哲羈押庭攻防中 四叉貓旁聽「手機突叮咚」遭請出庭外,https://news.google.com/read/CBMiT0FVX3lxTE56Wkl6M2J1dU9KbzNHR1JHXy1EZkgyZVh3OVloR0N1RnJGZmtHTmFGd3FpRG9GNVZRSC1RWm5jQlZZWHBYQS1JSzhFQ0dIa3M?hl=zh-TW&gl=TW&ceid=TW%3Azh-Hant,2025-01-02T12:27:00Z
23,5,ETtoday新聞雲,快訊／四叉貓羈押庭旁聽「未遵守規則」被請出法庭：好羞恥喔,https://news.google.com/read/CBMiXkFVX3lxTFB6MWdMY21UQWUtTkdDT0laRUJRMDBzTFpIRElteVVXeDJrOVNEaEFVY19HNnlOZ0RnZVUyVnk0akJQMDFTSlFFSVhLQXd2TktsM1pjRWpQOTZ2RXYwSkE?hl=zh-TW&gl=TW&ceid=TW%3Azh-Hant,2025-01-02T11:36:00Z
24,6,娛樂星聞,蟬聯5年流量冠軍！台中跨年吸5百萬人觀看 「大咖天后」飆唱收視最高,https://news.google.com/read/CBMiSkFVX3lxTE5xS0c4bnlQbGtIYk9QYTlONERMVmJiS09SVWk1T0UzMkRtSlpTa0xOTUtLRFZXTmc0UDhfZzJDSEY3MUdKaVVEdGhB0gFfQVVfeXFMT1p1N2owLUJXVTdXOU9kczB3c1lKdUtURTFjaTNlc1RTelRzc1lEakRJZlVvS0sxVnRNM1R5ajRxR2lZajFVY0EtSEFCaHBFM0d0Q0xKeFRiTnYyaHJXSlE?hl=zh-TW&gl=TW&ceid=TW%3Azh-Hant,2025-01-02T07:03:49Z
25,6,聯合新聞網,台中跨年硬擠韓星「輝人」遭出征？ 女議員：純屬不小心,https://news.google.com/read/CBMiUEFVX3lxTFBXLXdVMlFaakYwdzE4M25PMXlBdkNzWXNEVGhZcUxSYXhkQm1FM3A5VHgyRVE5dEhVZkt3REFWRm1JdFJ3OTdwTHJMOFJnRjBl0gFWQVVfeXFMTzctcUVYS0ZpZmhrYzM3Z1Y4emNHSkVLLWwxOUhFU0dSX25mbmtkR0FHbC1TQmw3dEhUX3Rkc3h3c08yMUFXQ2pDYTlxUDZRbTE1ZEs4cXc?hl=zh-TW&gl=TW&ceid=TW%3Azh-Hant,2025-01-02T10:53:27Z
26,6,TVBS,韓星「輝人」跨年遭拉手狂推 粉絲怒喊「別再擠她」,https://news.google.com/read/CBMiWkFVX3lxTFBmYkg1SFJvMXNxSW51Wmo3VmpTRjQyUmFfdjB1bUt5Z2dJSzcybmhYSk9xTHVQQ3NFS1dqQzBDbS1JWTAtRk4wcThBeHhMcXZRQjBSZVFHTEY3Zw?hl=zh-TW&gl=TW&ceid=TW%3Azh-Hant,2025-01-02T10:23:00Z
27,6,自由娛樂,跨年晚會收視冠軍出爐！國際嘉賓助陣「近2千位粉絲徹夜守候」,https://news.google.com/read/CBMiXEFVX3lxTFAzcnAzUVJMeWlEYnJLRHUtWGlrSW9FMWZ0NlRzdWJFMkNCbUhvcWZCbTg4VDVodm0zdGtxV0ZXNldxU29BOVgtQ1BpV250MVQ2cGdhNTJ2MHplV2ZL0gFiQVVfeXFMTU81eDgyRHdDZGtqb0ROcUJFZnFhWWxXWS01OVFFLVdpclI0a2x0ajBQRm5UZnBHZ3Bpem10WmxtZTd6VGlUZUl6T1RROGJvejVuUGY4d0lfQnVGTlFSVzY3WFE?hl=zh-TW&gl=TW&ceid=TW%3Azh-Hant,2025-01-02T07:26:38Z
28,7,鏡週刊,女友「吃事前藥」與前任泡溫泉 他在家幫做報告崩潰喊：還嘲笑我尺寸,https://news.google.com/read/CBMiW0FVX3lxTE9hTXRyTDEtUGdJZTdGaDhTN0lYdWZsdmVMU2F6cndSTG1naGQwaS1fWmU4MGZyZno5b2xGZHFhbkN5VGlSbk0tVkt4YVo4QzQtZjNDbWRzc3ppRWfSAWBBVV95cUxNMmtFRXNZd2xoM3piSVl3MFU4NGFtREhUMlhJN1R3V205RzVielBfZE9BU3hDR3lBaXRESlk4RFNXYXpxWHhpcDdEWGpjMjBfY3RwWmdyeVJTYmtVVnMzcUo?hl=zh-TW&gl=TW&ceid=TW%3Azh-Hant,2025-01-02T12:57:22Z
29,7,Yahoo奇摩新聞,他在家「幫做報告」！女友跨年夜和前任泡溫泉：演得好辛苦 「這個」沒登出慘了,https://news.google.com/read/CBMihANBVV95cUxNNVpfeXBPV2tYa3pybWVuYzZvdEM1MkFtemhwNUNzQ2FuS01pV0FsaXo0Nm1nRWlCQVp0YTZKa3FqRVJ4MmZmNGpFVF9HMXM5WjhHZEUyNkNERTI2YnVFNHF5YXZiN1VnTlFsOHVrNkg1d0owei1ER0tGZ21GMFNmajVlQ3RVV3hNSDREUWMtdWM5YWFqdnotLS1pU3NLdzdzbXZmXzZMdHRBRXViQlRENzNzOWxJXzFWdlFSV2lJcGQ5bll3WWJiaUVrM0JfLW5PbEZHUVg0OFlmOG1keUt4azdpcHJZVlRsMk5ncTgzTzFuQ09rZjR6NlFMTlVKdnM4ajF1dnF3U0p5S2d1UHBrS2JYbVI4Mzh0UVc2c3NfOVhkN21oeWpPN0JqRXJtQXJSOU80OVVacHRXS1BBSnQ4UW1INjFCUHE3SkFBZ01wTGFwLWtwd1ItTU1SU1ZjQ0hNZFkzU1UwZmJYZ2dHQ1BJX1JBNzBFcXVKcGFWVDdDUHBMSUdp?hl=zh-TW&gl=TW&ceid=TW%3Azh-Hant,2025-01-02T01:09:49Z
30,7,EBC東森財經新聞,超悲跨年夜！買機車送女友「發現被劈腿」 他氣炸：該騎回來？,https://news.google.com/read/CBMiVEFVX3lxTFBpWnRXaUljRl8yVkdWTVU4UlNyMFpWTUYweEdZbTc1M2kzV0VBVEt1VVExQ1d4dnRIU2RKdm9fMjRXNFhVQlE5d0cyQ0RCdGlaSzMwONIBT0FVX3lxTE84c1FsRkItNUp2M1M2UWxDaU14bFlMT011M200dl83RDBoN0dpcGdIN3RBR3JPZnJQRS1lZjZzcmFOOW90b1k1TVFvdlZDRGM?hl=zh-TW&gl=TW&ceid=TW%3Azh-Hant,2025-01-02T03:59:00Z
31,7,MSN,跨年夜女友竟和前任去泡溫泉！ 只因「這個」 沒登出洩密,https://news.google.com/read/CBMi7gJBVV95cUxQVl9rNXpMTlFlVUsyNXFkRHJRTEMxVXpZazhQSThIYWx5dWhaVnBaOWpTN0Y4bEtRSU9iWU5fY0w4VzFQT0FDM2YxRWJGMllzRWJrSmk3LUJqUzdrRzRFUEk3YUg0M2gtaDNqa0xsckFQa3pzNEhkU1FxS05sNVdlMEZ5VGpRTk5PcXc5dXlPaG5QVlRyaHFWOU9CVkliOVk0SElMQ0t0dFdNZ25nekhNTVo0emJma2pydndPMDI3OWNPN1B3eUhCY1V2QUV4YXd2eE90bmEyV2RMTGNFWUJrRkZFcWdSaHc2aWNUWkN3MGtMZzNrcUI1STQ0N0M3bWlsMzE0dHBJcFFpU29EQk1jYndrcUNKdFU1NjVVa1ZQb3l1S0wxLVNnU0dqRlVwaFEzRTJXby15c1JNZ0ppODJ1c09mWGFlZlBjTk85Y1ZiaGtRQVRqTTEzVko4NzByS1Uwd1RhclNfQlhpdVhmb1E?hl=zh-TW&gl=TW&ceid=TW%3Azh-Hant,2025-01-02T00:08:39Z
32,8,三立新聞網 Setn.com,大罷免潮／罷免全台開花！雙北10藍委遭點名藍主委出招「這時間」反制| 政治,https://news.google.com/read/CBMiWEFVX3lxTE9SaUdxR2dmNy1BOHU5Qmo2WFVtNEY4VjJielQ2aW01aGNZNUxwTjRBakxHZE5aUWFESXg4ejZVZDlqSGRVMEY0SFljakRwaG1LTTdqaTdLRlU?hl=zh-TW&gl=TW&ceid=TW%3Azh-Hant,2025-01-02T00:00:00Z
33,8,Yahoo奇摩新聞,大罷免潮／罷免全台開花！雙北10藍委遭點名 藍主委出招「這時間」反制,https://news.google.com/read/CBMihwNBVV95cUxNVmJabFhDTUJGRXh6OE93WWFERjJuUGtqdElyZjZWdmtLZ1RDQU02elREZWJLNFhPdDJYQWpnWTY2UF9pQmVtdWlCNDYxN0NEb1o4Y0NHd1R5cU9wSlJYaHh3R0N5UWxMUTluNW1zSk51VzhMc1hsOWxYaVl5X3lJQXJCZ3BNTl9PSWVwVXpaMHg0WnhkU2sydkxqZDVPc0Z0U25HbThqMVo0bDhNZGdBNVBVN2w3aWFGX2JQLXhUNkE0bU9LdENLRE9jM1RBRGFQZTFWOHhHWERRNzhLSzBmSEdzVklKV1NyRkQ3R3poemRtd3lVek1ST01pczBHYWtsQ0pFWG1LOTRobFdlTHlzVks2N1BtRTNvdnZvQ21WMmE1cDlnazkwNHYxTzhUT2REMFU5SjZYTWZYVzNBekpjenZ6TkhZdFppLTNuLXVnNXloSDhqMWstM0lmaUlNTWpPaXR1VWNPemZoeHRxeEc2OUlNcngwazBlYWtUSnVVNHY1TWtPQ0Fj?hl=zh-TW&gl=TW&ceid=TW%3Azh-Hant,2025-01-02T00:06:10Z
34,8,TVBS,又有罷免潮？花蓮名店自製「傅崐萁罷免書」：免消費來填寫,https://news.google.com/read/CBMiU0FVX3lxTE1oWjFPb1VuT3pNeWVsbTBsRFMxU1ZIVHdqVHNLZkNCNTBkMnFfbVJoSW9VS0hHVUoyTzFmZnFKS1dsZFJqeG82cjNsMzdoeVdzM1FJ?hl=zh-TW&gl=TW&ceid=TW%3Azh-Hant,2025-01-02T02:04:00Z
35,8,房產,大罷免潮／全台罷免地圖曝光！27名藍委遭民團鎖定「剉咧等」,https://news.google.com/read/CBMiTkFVX3lxTE1WaHBvTHNkMHRuWk83WER1MFNPLVJDVGd1ejY3TmJGZ0lKeTVmRV9wRjZjS1BHSWIwbVVBT1ZqWnhPVWx0MUcwdURvMnptUdIBX0FVX3lxTE5PRHlGRWhaWnBEQ01kMHhmNmlQenBDOXV3Y2EyZDJwZ1lFbmZrSnB6akstSDEwUU1jazQ5elVRMVhmcGZ4ZW8yMEYtdUNvRWhmRERtdTZYWTBITmE0YXA4?hl=zh-TW&gl=TW&ceid=TW%3Azh-Hant,2025-01-02T00:01:10Z
36,9,聯合新聞網,全台濕涼 吳德榮：下周強烈冷氣團籠罩 偏乾晴冷達6天,https://news.google.com/read/CBMiUEFVX3lxTE9aQWdBYWdmSEFzLTBmZDB4cWlmX0hicjRTUGhHQ3A4OXhSaWNrQS1BR0RBVlp3MDlNbGRLR0hJRVJzelFaLW8wa21LRmV5WTZ00gFWQVVfeXFMTzVTZDNRdkNod3VmVkZkdnpwWnBoX1BLcHpvTUZLRXVHQUdDblREREFVY0hIYWRnVU5MMTRpX0NHZmhwRTdmT092VmhjWVNnNkYxNFp3OVE?hl=zh-TW&gl=TW&ceid=TW%3Azh-Hant,2025-01-01T22:21:14Z
37,9,聯合新聞網,2波冷空氣接力！今晚北部降溫 下周各地「連冷7天」探10度,https://news.google.com/read/CBMiUEFVX3lxTE53VkMtNFRNakh4MG1VMmlpTW90WWp4aVk0UUgwTndkeXNEaFIyV0IxTG81amZPaW1pWlNLeUJ0M3pQUWluNmE4RGsxN1lBbnQy0gFWQVVfeXFMTnd3THdPWGRrQ0xSVFJjZVpxOXZOaEVPUkJRdTZCTU9KWUN1M0pfZzEtcXhzX0xLWWNTU0xIYjdVQUhXQVJlQkYwSVVRclMyQjZXRDdlOXc?hl=zh-TW&gl=TW&ceid=TW%3Azh-Hant,2025-01-02T10:14:31Z
38,9,Yahoo奇摩新聞,一周2波冷空氣！明起降溫轉乾 1/6局部地區恐下探10度,https://news.google.com/read/CBMiwgJBVV95cUxNd0JEVXE3a2sxcENIY1FyVGJpaklEdThzZVhhTDhkZm9DNlRiem5xMXRROE9EVnVMREdPbVdwQUdMdmFESVpWQlNfN2hRWWljcW53REtIR0dtNzh1SkNvb01KUFNuVnV2UDcwQ1VpZ0RtQ3dqVVBueEF4U3JUSTlMX3BsdEtnTWhlQ2tpZ2ZxeU4xakhjdTJ5V0tHU0pNSC1ZSjlMUzFjNFRwZ1hzc2ljTkl4RHJEQnBkMjZoNW00Y210VVM1bDNOZ3Q5cVNHUnlPMHRTYVlyemNpX21qOTlqeUdGdDRyZjZTeEQtUGM0NWNaaVd6MkdtSjRTUFNCY3JIUGxXcVlGRURRdm04b2FYbVBZdFNvN3B4NHc4ZUU2bmlMMElyTEhpZzBNcDZQWWZWOTByWFRHYnFRQlZsNEV2ektn?hl=zh-TW&gl=TW&ceid=TW%3Azh-Hant,2025-01-02T12:18:26Z
39,9,氣象應用推廣基金會,今偶雨明好轉下週強冷空氣籠罩,https://news.google.com/read/CBMigAFBVV95cUxPMEZVT0xZMGFlbTVWcDBDRGFnX1ZfY2YzYXBlb1k3VFd2cEhsb2plMldUOGtMVFRCQjlHY3U3NWlzblNvU0FnakFWVDM3STdWdGJuV3RPdDNPNUdGblU3WU1mMjlnVXJwVFVrZFBxMXJsTXEwOUxFMFNiZGw5dW5wbQ?hl=zh-TW&gl=TW&ceid=TW%3Azh-Hant,2025-01-01T22:09:00Z
40,10,聯合新聞網,北捷奇招疏散跨年人潮奏效 「一德政」秒吸2.7萬人：完全不用等,https://news.google.com/read/CBMiUEFVX3lxTE1RSXc1U09sOEswSEc5ZnBoeXYyQ1FoZ0l5QTRjOHZrcWZDMnRRZHNkMUNUeTA4QnNOVk84N2Fub0tKcnhTSzhGazN0Y1lpN0x50gFWQVVfeXFMTW9fc1h5UVpySHZSSkxCLWNBSHYtQVBkTmFReENSVi05VWs2NEZGc0YzR1Qya09LSWZNb0tnbG1MTmxqQTdVZHV1Q1h0X2xrUHNsTDFvMlE?hl=zh-TW&gl=TW&ceid=TW%3Azh-Hant,2025-01-02T03:03:34Z
41,10,臺北旅遊網,「府前x大巨蛋」跨年雙主場盛事 臺北隊展現強勁執行力 順利完成跨年疏散挑戰,https://news.google.com/read/CBMiX0FVX3lxTE53UHFXdTBnUVNvZ09OekwzTmJhY1NlemxHSm9jbXdnNXJLMjZTR0xCNmd3a1gyNVNhTktVSm9tNTk2aDA5ZE9uV3hfNkJSaUNobkFjSklDN053cjBfcTVn?hl=zh-TW&gl=TW&ceid=TW%3Azh-Hant,2025-01-01T08:07:00Z
42,10,公視新聞,101跨年清25噸糞埽 1/2早起6點車路恢復通行 ｜ 公視新聞網 PNN,https://news.google.com/read/CBMiT0FVX3lxTFBpamxYSlFhd3oxSXdFWHQ5UERzeDVWYzNjQzlBM0c0N2k4Q1NlRDhUX1FSYlhuaFFQTzBMU1QxbXNiRE04NlRfbEJEMy12ZknSAVRBVV95cUxPdklmZTNWalBRNU8tSUpLNkJQdFhRbW5HeS1xSkt1N2Y3QXd5RWstb25VeUpXX1FiVUQ2azR5TTRWQm5Kc000bGZadzl5QUVXQ0plTTg?hl=zh-TW&gl=TW&ceid=TW%3Azh-Hant,2025-01-01T11:00:00Z
43,10,Yahoo奇摩新聞,台北跨年收視公布了！奧運世棒金牌選手陪倒數超狂 衝收視最高點,https://news.google.com/read/CBMipgNBVV95cUxOUkpVa3NkejVpOU9TTEtfSGFqVW5wd2JfOGpWMm1uM0g2amR2UmtkRVRaSk92RnZKWURleHp5ZjZVSWdjeWZWeDlGRjNQTnkwb0VyX2dxOFlaNV9fbklRZmZIVHU3cUZ0TzgtU0tZb21VR3hqZjVkVVFiMkNHMENHV2lfLXYxVTZNdTRibjRQbURXWURCcGRMcktORktwc0pNMDBxUldyR0dGVGlsREhSSlFhZlYxTDRIWW56Zlo3T0ZUbk9BSW96ZDUwbXBZekw5YkNxdFo0RWQ3eU5taV9PNjlUQm82VGRfbU5Sblg4REtCMWZXSmV2dWpoeUV5Rm9oT3NTRW0xcXJHaWxaWlR3OGZtLUI4X1YtbWgzeDFKTlFyTVViM3VBUEpTOVdMUXNWYUJMX3UzNTFKUDY4MEh1el9rUGQ0b0xEOFo4SExNeEdVM25aLWt5XzNxZEdtYUU5bmc1bFVnNWJmdUhhVGp3YkJhWEV6OFdTRjhnVVVmZVBONDExdmdDQ2xZX2lfZXAxWXN5VTdGeWxXNWYxMndjVEhDUGNLZw?hl=zh-TW&gl=TW&ceid=TW%3Azh-Hant,2025-01-02T09:30:00Z
44,11,風傳媒,賴清德、柯建銘不斷上演「矛盾大對決」！黃揚明揪對「他」的態度截然不同,https://news.google.com/read/CBMiTEFVX3lxTE1ocm95Z01YTmZ6b1FBeGpPNlZEam5JR1Y3LXBaS0V0TURPMEF0WHJMTFBpVzJ0dVdaUklXSXQtb3NEaW1iVW1oZEczZ00?hl=zh-TW&gl=TW&ceid=TW%3Azh-Hant,2025-01-01T08:46:00Z
45,11,經濟日報,黨政人士：藍白擬癱瘓憲法法庭 助財劃法選罷法闖關,https://news.google.com/read/CBMiWkFVX3lxTE1RZGtOUk04YW9jd29PVk5td3FmWWk1TTJDdEkyN2hhd18yWmloZmZSamV6TnU2anVQakx3cHJscUNsQmJRcW1iZmZxcDlacjNxdVZpSVMzLS1UUdIBX0FVX3lxTE8zN2tOLXh3S0FfNGFpbHNIeVdUV0NTdDVfWHhGUVhJMGxsUXY5VWFwTWRCRndOUU0zemhIRmhjakpYZ0MyaUYxV25hMmNNeFQyOC1MZ3ZVQ0VKVjdBNG9F?hl=zh-TW&gl=TW&ceid=TW%3Azh-Hant,2025-01-02T11:30:09Z
46,11,台灣事實查核中心,【爭議三法國會過關】總統不公布、院長不副署可行嗎？,https://news.google.com/read/CBMiUkFVX3lxTE9sOThuSXFod2VtZG5Hcm04YzR3RmtGVWVESXpEMjkzVC1kUFpZeXhhSVM2SjVrQkJoS2FsekZQLTg1bmhHN2tTVEVUb2ktZVpiTXc?hl=zh-TW&gl=TW&ceid=TW%3Azh-Hant,2024-12-26T05:58:43Z
47,11,Yahoo奇摩新聞,柯建銘威風不再？嗆罷免韓國瑜「底氣盡失」 柯志恩2點分析：疑是大權旁落,https://news.google.com/read/CBMitgNBVV95cUxPUXNGRnl2NUNmWHJ6NG12c3BpZ2F0MlRaTXV4Rk5XS011VlVOZTFYal9VcDM0VlFfSVpKOW8tbHB6LUduZVhNcUxFSGkwRGZLU3V2eTd6TlNHdEt6UldaQUNoMklpUmJ4bkRMSUpBY1JOY2p4bGVVenBrZFNHVFYzcklZWmNydU5JYWlfNnZGc0trNVo2RjBuR0hvLU9RX2QybnFvT3RvaHVkN2RnV3VoT2dtS3BlNk84bHVla2hSM0cwT3FoLW9zYnoxclYxaDMwdXFOakt6VGIyOXQ5RmI4RFZzOEt0VTY0R3ZPLXE5eW5FWHFUVGFTTi03VC1CNl94N3BaUWwtMDFuV1VfeW9JODBLSV92RTRFVkhJcFk0emFNR2xPWlVNU19qb1ZiY3NWWGVOTkZ6TWRXUV83Uk5oTmRsTFNMdW9tR0ZYMElMMkV4T19oWWl6Ym9DUU9vaG1JR0gtWTF4bERDTUNIOFJwRjYxeGVaYWlyYlgwYzVvLWttN1pWVDdsSWg2ZXhKTXlWSE9vZVF6cUJXb3BLVVhDM1I1T2tlZWx5UzF0dnlVNlFoTzZYOUE?hl=zh-TW&gl=TW&ceid=TW%3Azh-Hant,2025-01-02T05:52:47Z
48,12,房產,校園遭染紅？高科大副教授名片印「中國台灣省高雄市」校方回應了,https://news.google.com/read/CBMiTkFVX3lxTE51NHYzNGp0YXQ5QXZNZm5VLVFvRml6ZjN2RTZYLVEtMndxU3czMlA2Qkc0UkZmNVY5RGpLaGhWMVRPWks3NEdDY25ZMWwxd9IBX0FVX3lxTFBvSmdwaHgzUlhXSHVqVXhYX05zamNCSUl1VGFOY3hDTE5rWEFoaVBpeTJMV0x2cVVmc0dqdm13Yl9hNmpIMGNNaWtQdm56blRpWVpIZ0NLZHFpOVliZU9F?hl=zh-TW&gl=TW&ceid=TW%3Azh-Hant,2025-01-02T03:18:50Z
49,12,Yahoo奇摩新聞,高科大考卷、教材竟滿滿簡體字 校方回應：教師一時不察,https://news.google.com/read/CBMi4AJBVV95cUxOZ2JHZ04zbFkwbXo1TkMzZHlZMUpVTG1ldUFZQ3RWNjRsbV9Welk5VlVYbVBoSlRGekt6amM1WUlZNWJuTUdrVFF1c3JtSmtZRFhSWllGWVdKSlFiYmc5YmlZUXNuaXN6cUFTeXVKOGRRWjBqanV6NEx5cUNGRUhSVWhqV3lMMU9KbmdFR3Y2Q1R5UXlwOUc3TVhGbGNRNFRLOU8tTmdNbGJWWDUwbDc0QmhCOVYzX291UXp4a1huSlJlVFQ2QjFlMUFLMEhGcDZiY09TWmZIbm1WenpNUXRaaXR4Vk5GS0JwNGZyMjM1ckpTUWZLT2xvR0daRFBBTVczejNCN0kyZ0I4RUFWaVJpaXdsT25ra0t0eHFaR0xlRGFJeWhsQ1JaQ3ZPUThYUmhWMk81bDVsUlI2eUhidDlDV05jSzBaekJZNEtmbXNqRGpTUW5sZU5mN283Z2p1YTFw?hl=zh-TW&gl=TW&ceid=TW%3Azh-Hant,2025-01-02T10:34:31Z
50,12,中央社即時新聞,教部：考卷不宜用簡體名片標中國將列高科大缺失| 生活,https://news.google.com/read/CBMiX0FVX3lxTE95bjNhWDc3V2dETzFxLTRtYkNWQ0I3VXVobXNmOURYRUcyODIzbHI2U0hVRjN4ZWgxenZZRGZFaDFWU2EyNFpJbHd2VlVuSE5BelFxQVdETzk5d3JPX2Nz?hl=zh-TW&gl=TW&ceid=TW%3Azh-Hant,2025-01-02T11:53:00Z
51,12,聯合新聞網,高科大遭爆考卷全簡體字、教授名片印「中國台灣省」 教育部回應了,https://news.google.com/read/CBMiUEFVX3lxTE9QS2pvQ1NlMGNpelNMTEtPUUFNUkZHQUlZa2tRODc5S3phb2NTVjhoYTRkei1XNkVYOXdGV2pNQXljSjFVWEFNU2pVbkNQcHRF0gFWQVVfeXFMUDM3UDZ6SS1GWjlyX3JDcnBscWNSeUdSZVFIdFE0Z251N3YtOXNkZU82Q3BwaUdLeXJBaFpsNHVqZU4xVEEwQWtTTnItdEk1UzlQXzZrMEE?hl=zh-TW&gl=TW&ceid=TW%3Azh-Hant,2025-01-02T11:13:36Z
52,13,TVBS,賴清德約喝咖啡！韓國瑜「謝謝總統邀請」 大老搖頭：上當了,https://news.google.com/read/CBMiU0FVX3lxTFBaYXNnNklXM04xU0V0bzJ3NDZyZTJwZGNHX0FsTnZjUmpiLWlIVHhZYXFuNF95a2ZJeWxkY2tmNF9uMjBydFRNazNGU2RsbkZ6OWRv?hl=zh-TW&gl=TW&ceid=TW%3Azh-Hant,2025-01-02T02:15:00Z
53,13,聯合新聞網,【重磅快評】賴清德更大的民主 國高中公民課沒教嗎？,https://news.google.com/read/CBMiUEFVX3lxTFA0cUc4azNrcHZKTThUQS1wWjUycjZXRDR0eXNYVENLNnl3YzV6c0J5MjhHQ2RfcjlwSDF4UmYyTHZHdmYtbDc5Z0ktQlpiVC1L0gFWQVVfeXFMTzg3a3Q4Yk9rVUFIYUlHN2FpTHRYdHVwUFdZUkFCeDhFUlJISEktUWJIb3VLYmNXRGdwYzliZ1hvNmU2dWFyNzVnNmJXLWpDLUgyX1hUNWc?hl=zh-TW&gl=TW&ceid=TW%3Azh-Hant,2025-01-02T09:19:49Z
54,13,Yahoo奇摩新聞,名家論壇》黃創夏／賴清德開閘，大罷免衝刺,https://news.google.com/read/CBMiowJBVV95cUxOQzlmaGZQbWFUQ2tnclJ4ZXA5dFNielFoX1FoNEI5RG1RX0o2Y0lFWURJX0xybzNwYXdxY01oYW1DbWtfYms0QkZlWnlWMHIwTWFkcGE2MlBvNnpWYmNuekVQb3Fha04xNFE5WG9VN0tBZDlhQ3V6dDdfbFdKZzNpYWMtSVU5a2dHZWlLZjYxMWJUNXRVcHBnLWJaNXlkZ2JEcHhRaUdsMHhEaklJVDFFYnN3MWR5TGFGUHZxZUFVZmF3Q0hqUE5RMkpwdTl1a2wyd2RjV241V1l5VEZhNlhNckotQWNsSmtvd3c5dGZHay0wSnZVdTAtV1ZWQXV2OHBVV2lVMEVtVnNtbDRxQzhwQ25aMkQ5ak03VXNlSzJQZG1zX0U?hl=zh-TW&gl=TW&ceid=TW%3Azh-Hant,2025-01-02T05:12:36Z
55,13,今周刊-在今天看見明天,賴清德元旦新年談話：朝野爭議和解不只一種方法、中國誘拉身分證「免錢的最貴」！全文一次看,https://news.google.com/read/CBMigAFBVV95cUxQVDNRcmdXdkNRQWJrb3gtYVVVVnBvWFZvUmI1N2JNWDlPWFk4WHNZLTVySkpJa2VibUhTeEgybzN1RmJkUk9BR1FuRTFIVm52MFAtaW1UWTRzOFpjV2xhN1ZqRUtBQ2wxT3hfYXFLNW5Kdno2Q1AyTXpvamgwR3gzYQ?hl=zh-TW&gl=TW&ceid=TW%3Azh-Hant,2025-01-01T02:21:00Z
56,14,ETtoday新聞雲,台北市跨年晚會結束「螢幕播央視節目」！觀傳局將究責,https://news.google.com/read/CBMiXkFVX3lxTE5QNEltc3MxT1RDWktrMV9wT2Rva3JLMTBfLURfOTExODVBRWc0UEZnQk15YlpHdGVfYkpsamdZV0JYTGpURy1ncVRweTRrT0NIckNTT0NXREJndHRtN0HSAWhBVV95cUxPbmtBaFhjVVdiVlR2SEpLTFhzUkJKdHVOU3h4QXp5UUNyUGZTdVQwbXQzZHhVVkgzVWtuMGZQWU1FRjJnRzFRVW5nSEJncm9jVkdoTHVtUkFlVkJhOWF4SzBoVFpIYlI1Yg?hl=zh-TW&gl=TW&ceid=TW%3Azh-Hant,2025-01-01T17:14:00Z
57,14,中央社即時新聞,北市跨年晚會轉播央視畫面陸委會：無法開罰| 政治,https://news.google.com/read/CBMiX0FVX3lxTE5HMWhHcGtVTE4tcXRLRWM3WkxGeC1VbmMyMXpKdC1Vc3hWWHQyQnUyNEJjWl9GXzBpSnVUQzJXVHF5UkVRRlV1Rzd1S3JBQ1JVMm56S1ViLVd1aDh3cDhj?hl=zh-TW&gl=TW&ceid=TW%3Azh-Hant,2025-01-02T11:35:00Z
58,14,公視新聞,跨年暗會咧轉播央視 北市府欲追究廠商疏失 ｜ 公視新聞網 PNN,https://news.google.com/read/CBMiT0FVX3lxTE1ubUNILWlBVi1PQ2laRU50OVhRem5aMUdjOWhCRzZaeG0xZHpEYmhHdndJZUc3X1kySEExRXhNTjdVYm5KWU1XUUJKTWFFTmvSAVRBVV95cUxPaEVidmlQRVRSVjJfaVhGRkNzR0hhOFI5OTQ3WEVRVGdlVmtXREpFUDZjV3pIdFRsWUNHWXpJa2ozbGJFb29Gbk4xa2t5Zng5NTBNS2o?hl=zh-TW&gl=TW&ceid=TW%3Azh-Hant,2025-01-01T11:40:00Z
59,14,TVBS,北市跨年晚會松壽路現場螢幕失誤 TVBS說明,https://news.google.com/read/CBMiW0FVX3lxTE42V2Fpend1ZGNOcVlMZFNnaW1NNVZYTHFndVhJa3dBb2twZE1BbEFIQmdpYmJpYlo5b1VSbG1UZXFNb3BNSHlONFF2OGlaZE5kU1lSQlVyanlzcEU?hl=zh-TW&gl=TW&ceid=TW%3Azh-Hant,2025-01-01T07:54:00Z
60,15,風傳媒,小耳朵》柯文哲案民進黨正在擔憂一件事 謝長廷戳中「不能說的秘密」,https://news.google.com/read/CBMiTEFVX3lxTFBCR3dTM2NCRkVUSzdCOEVHVVZDQ0dLdGM0bHphLXNUWXZrZHZ1YnVKOVpicXJ4dEhnNk40YkJkSGdJUVBFa3RsN1hUTUQ?hl=zh-TW&gl=TW&ceid=TW%3Azh-Hant,2025-01-02T00:10:00Z
61,15,聯合新聞網,出庭反擊檢「下不了台」猛攻羈押 柯文哲嘆：再加保要去賣房了,https://news.google.com/read/CBMiU0FVX3lxTFA3R2xMc1U5cnA4ZVhoRFFVZmJ1YUpPaEhLZFZuV0RpZFZobzZrRXdxakEzZ0ZoVUNvNE80b1NXcHpvdHhRM3Q0aXo0YURaOGhqTUJN0gFYQVVfeXFMTmZieTNDMlFLQzBIZVNCbXdBdXNLRWNsbnNONXg0blRIdDU1NmxyRzd3amlncldWaW1VcWNjR01aekVYU05GM19XSHNKNFFjZEIxT2hydnR5dA?hl=zh-TW&gl=TW&ceid=TW%3Azh-Hant,2025-01-02T12:56:42Z
62,15,Yahoo奇摩新聞,黃國昌中途離開法庭 神情嚴肅「我沒有要講話」拒說法庭細節,https://news.google.com/read/CBMigwNBVV95cUxNRXNBUlk5dWZoWmVmQkFQUWg1RC1ydmk5bEZuOUduWmRiVV9KdHowQXRhZU5Yd19RV01pcTM5RTg4UUN2Q2Nva3NMSElfaVgtN3dQU2Uzemw5My1vRXI5MDRXWFVRSUF6SE5pR0o5Nl9saWQwS1FvbXA4dHlfbmZyclRYcDZYS0dSeS1fV2VsekdnV1Y3cmxBTXpqWG1xd3BNYnQ3YUNNNTFLWl9BT2l5WE50cVg5dURRZVhjLWNpNFY3ZzF5blJWclMtVXpCcmRaMlBCemIzNll6RDIwNEpEUG1tQ05yZzZlWHlURU1yVUo5eVFIX1F1eENHWEZPWEkybUhjNTdVVGVEOEowYm9HWHlLZGdXUEoyb09Vbm53REhxMGcyOGVNem1RdlVQVVBWUk9hcnExbnd0NXJHOWRvWHl6YUtrWHJMNkNkZksxdUZoQUI5RUNTa2ZXTEJtZkdUS3p2V1NoLUdOQXdSYUtyZHVsUUREUVVCOVZXSjF6MHpIaGc?hl=zh-TW&gl=TW&ceid=TW%3Azh-Hant,2025-01-02T12:01:09Z
63,15,財訊,柯文哲走下神壇 政治生涯謝謝收看...司法雖未一槍斃命 人氣已從雲端急墜,https://news.google.com/read/CBMie0FVX3lxTE9CQi1aSzZWYnFzSTFSZWlBSG9BR1ZCYTMyUW9qOUVwUF91eGFzZkJZaGp4NmpjRFIydjFaT1RMbjE2bDBmLVJnVkN6XzRpV3J2RmVHV08yaTJkUVdjRHdwWFhVMkJxOWtHQUljd0NVTDExRnVrQV9RdElmUQ?hl=zh-TW&gl=TW&ceid=TW%3Azh-Hant,2024-12-31T09:00:00Z
